model,quant_variant,matrix,K,N,max_abs,mean_abs,rel_err_pct,cos_sim
Qwen3.5-0.8B,Q8_0,g_q_proj,1024,2048,1.5889,0.3883,0.13,1.000000
Qwen3.5-0.8B,Q8_0,g_k_proj,1024,2048,1.4581,0.3147,0.12,1.000000
Qwen3.5-0.8B,Q8_0,g_v_proj,1024,2048,1.6115,0.3119,0.13,1.000000
Qwen3.5-0.8B,Q8_0,g_o_proj,2048,1024,2.1423,0.4744,0.09,1.000000
Qwen3.5-0.8B,Q8_0,f_q_proj,1024,2048,1.3384,0.3097,0.11,1.000000
Qwen3.5-0.8B,Q8_0,f_k_proj,1024,512,1.5433,0.5543,0.13,1.000000
Qwen3.5-0.8B,Q8_0,f_v_proj,1024,512,1.3611,0.3358,0.11,1.000000
Qwen3.5-0.8B,Q8_0,f_o_proj,2048,1024,2.0729,0.5209,0.09,1.000000
Qwen3.5-0.8B,Q8_0,gate_proj,1024,3584,1.8899,0.3422,0.15,1.000000
Qwen3.5-0.8B,Q8_0,up_proj,1024,3584,1.8916,0.5910,0.16,1.000000
Qwen3.5-0.8B,Q8_0,down_proj,3584,1024,2.5051,0.6009,0.06,1.000000
Qwen3.5-0.8B,INT8,g_q_proj,1024,2048,1.4604,0.2653,0.12,1.000000
Qwen3.5-0.8B,INT8,g_k_proj,1024,2048,1.2618,0.2599,0.10,1.000000
Qwen3.5-0.8B,INT8,g_v_proj,1024,2048,1.2628,0.2625,0.10,1.000000
Qwen3.5-0.8B,INT8,g_o_proj,2048,1024,1.6729,0.3856,0.07,1.000000
Qwen3.5-0.8B,INT8,f_q_proj,1024,2048,1.1321,0.2638,0.09,1.000000
Qwen3.5-0.8B,INT8,f_k_proj,1024,512,1.0974,0.2725,0.09,1.000000
Qwen3.5-0.8B,INT8,f_v_proj,1024,512,1.0254,0.2569,0.09,1.000000
Qwen3.5-0.8B,INT8,f_o_proj,2048,1024,1.5337,0.3852,0.07,1.000000
Qwen3.5-0.8B,INT8,gate_proj,1024,3584,1.3222,0.2662,0.11,1.000000
Qwen3.5-0.8B,INT8,up_proj,1024,3584,1.2069,0.2617,0.10,1.000000
Qwen3.5-0.8B,INT8,down_proj,3584,1024,1.9883,0.4937,0.05,1.000000
Qwen3.5-0.8B,INT4,g_q_proj,1024,2048,24.9519,5.2724,2.02,0.999984
Qwen3.5-0.8B,INT4,g_k_proj,1024,2048,24.3840,5.2830,1.98,0.999983
Qwen3.5-0.8B,INT4,g_v_proj,1024,2048,25.6161,5.1753,2.05,0.999983
Qwen3.5-0.8B,INT4,g_o_proj,2048,1024,30.3759,8.1053,1.30,0.999992
Qwen3.5-0.8B,INT4,f_q_proj,1024,2048,20.4208,5.0605,1.69,0.999982
Qwen3.5-0.8B,INT4,f_k_proj,1024,512,18.8818,5.1942,1.61,0.999981
Qwen3.5-0.8B,INT4,f_v_proj,1024,512,20.8660,5.0926,1.76,0.999984
Qwen3.5-0.8B,INT4,f_o_proj,2048,1024,34.4604,7.8854,1.52,0.999992
Qwen3.5-0.8B,INT4,gate_proj,1024,3584,23.5482,5.1042,1.92,0.999984
Qwen3.5-0.8B,INT4,up_proj,1024,3584,23.3777,5.0065,1.98,0.999983
Qwen3.5-0.8B,INT4,down_proj,3584,1024,55.9246,12.0976,1.41,0.999995
Qwen3.5-4B,Q8_0,g_q_proj,2560,2048,3.0686,0.6599,0.10,1.000000
Qwen3.5-4B,Q8_0,g_k_proj,2560,2048,2.2239,0.5099,0.07,1.000000
Qwen3.5-4B,Q8_0,g_v_proj,2560,4096,2.2339,0.5010,0.07,1.000000
Qwen3.5-4B,Q8_0,g_o_proj,4096,2560,3.0239,0.6466,0.07,1.000000
Qwen3.5-4B,Q8_0,f_q_proj,2560,4096,2.6892,0.4985,0.08,1.000000
Qwen3.5-4B,Q8_0,f_k_proj,2560,1024,2.2012,0.5284,0.08,1.000000
Qwen3.5-4B,Q8_0,f_v_proj,2560,1024,2.2439,0.5837,0.08,1.000000
Qwen3.5-4B,Q8_0,f_o_proj,4096,2560,3.5537,0.6785,0.08,1.000000
Qwen3.5-4B,Q8_0,gate_proj,2560,9216,3.0037,0.5806,0.10,1.000000
Qwen3.5-4B,Q8_0,up_proj,2560,9216,2.8013,0.5125,0.10,1.000000
Qwen3.5-4B,Q8_0,down_proj,9216,2560,4.0410,0.9456,0.04,1.000000
Qwen3.5-4B,INT8,g_q_proj,2560,2048,2.3911,0.4156,0.08,1.000000
Qwen3.5-4B,INT8,g_k_proj,2560,2048,2.4019,0.4328,0.08,1.000000
Qwen3.5-4B,INT8,g_v_proj,2560,4096,4.4707,0.3990,0.13,1.000000
Qwen3.5-4B,INT8,g_o_proj,4096,2560,2.1924,0.5349,0.05,1.000000
Qwen3.5-4B,INT8,f_q_proj,2560,4096,5.5796,0.4038,0.17,1.000000
Qwen3.5-4B,INT8,f_k_proj,2560,1024,1.8425,0.4160,0.06,1.000000
Qwen3.5-4B,INT8,f_v_proj,2560,1024,1.6143,0.4142,0.06,1.000000
Qwen3.5-4B,INT8,f_o_proj,4096,2560,2.2021,0.5307,0.05,1.000000
Qwen3.5-4B,INT8,gate_proj,2560,9216,2.1863,0.4191,0.07,1.000000
Qwen3.5-4B,INT8,up_proj,2560,9216,2.0291,0.4196,0.07,1.000000
Qwen3.5-4B,INT8,down_proj,9216,2560,3.9766,0.7937,0.04,1.000000
Qwen3.5-4B,INT4,g_q_proj,2560,2048,41.3088,9.1461,1.39,0.999993
Qwen3.5-4B,INT4,g_k_proj,2560,2048,41.1948,9.2547,1.36,0.999993
Qwen3.5-4B,INT4,g_v_proj,2560,4096,65.1926,9.0400,1.93,0.999993
Qwen3.5-4B,INT4,g_o_proj,4096,2560,54.5610,13.3061,1.21,0.999996
Qwen3.5-4B,INT4,f_q_proj,2560,4096,51.8103,8.6674,1.56,0.999993
Qwen3.5-4B,INT4,f_k_proj,2560,1024,40.0671,9.3011,1.40,0.999993
Qwen3.5-4B,INT4,f_v_proj,2560,1024,40.3735,9.4251,1.39,0.999993
Qwen3.5-4B,INT4,f_o_proj,4096,2560,47.2393,13.4049,1.02,0.999996
Qwen3.5-4B,INT4,gate_proj,2560,9216,45.8816,9.4982,1.56,0.999993
Qwen3.5-4B,INT4,up_proj,2560,9216,43.6511,9.2073,1.52,0.999993
Qwen3.5-4B,INT4,down_proj,9216,2560,94.9375,25.6000,0.95,0.999998
