  [info] GPU profiling not supported; using wall-clock timing
OpenCL device: Mali-G610 (Panfrost) (OpenCL 3.0 )

# kernel,dim1,dim2,dim3,p50_ms,p95_ms,bw_mibs
=== Validation ===
  gated_scan                     max_abs=0.000e+00  max_rel=0.000e+00
  gated_scan state               max_abs=0.000e+00  max_rel=0.000e+00
gdn_gated_scan,64,2048,0.5612,0.7035,2700.7
  cumdecay                       max_abs=0.000e+00  max_rel=0.000e+00
gdn_cumdecay,64,2048,0.5014,1994.4
  causal_dwconv1d                max_abs=0.000e+00  max_rel=0.000e+00
  conv history                   max_abs=0.000e+00  max_rel=0.000e+00
gdn_causal_dwconv1d,64,2048,0.5081,2121.8
  delta_rule output              max_abs=0.000e+00  max_rel=0.000e+00
  delta_rule state               max_abs=0.000e+00  max_rel=0.000e+00
gdn_delta_rule_decode,16,128,128,1.3342,2.6794,3021.5
